Timestamps,Content
00:00:07.000 --> 00:00:26.000,我，我现在在试用这个功能哈，就大家可以不用看后面字幕，因为你们能看到中文之所以深入这个功能是因为为了制作以后以后做做这个字幕方便什么的啊ok。
00:00:26.000 --> 00:00:33.000,我们讲到哪里了？我想一下啊，澳大利亚的吗？ Ok澳大利亚的这一块呢，主要是在第二次世界大战以后进来的哈，那么澳大利亚现在最多的也是来自这个希腊的。
00:00:33.000 --> 00:00:46.000,叫architects。希腊的圣童当然安他的圣童也有的。
00:00:46.000 --> 00:00:51.000,这个我好像讲过那么接下来就讲这种海外的散去的，正教徒的一个现象，他认为海外散去真相图有两个重要的问题需要解决。
00:00:51.000 --> 00:01:11.000,第一个问题呢，就是在这里。哈巴斯托夫， immigrant to second generation。
00:01:11.000 --> 00:01:22.000,也就是说，他们还的移民第一代的这个政教徒到下一代的正教徒的时候，他是如何过渡的如何过渡的？
00:01:22.000 --> 00:01:40.000,那么这个其实不只是东正教的一个问题，还包括所有的所有的教派吧，比如说华人教会也是这样子哈佛教会第一代可能大家说，哎，还有些那个保守一点，我们中国文化汉字一定要交给小孩，但是当到后一代，下一代估计他们就
00:01:40.000 --> 00:01:54.000,不会教汉字了。我们，我们的孩子现在也是，现在我们就争取让他们识汉字能说汉字就行，但当他们长大，如果一直在国外的话，那基本上就不太可能教孩子汉字了。
00:01:54.000 --> 00:02:02.000,所以基本上这个也意味著中正教这个礼仪的一个转变，你的转变，所以他就产生了。
00:02:02.000 --> 00:02:06.000,第二个问题。
00:02:06.000 --> 00:02:25.000,他说啊，东正教的这个教区应该从他们的这个海外的下一代的这个东正教徒里面去选拔，而不是从他们的母国就是比如说俄罗斯啊，希腊啊，再找一位这个神父过来给他们，那么现在。
00:02:25.000 --> 00:02:26.000,总体来说就是希腊东正教。其实从某种意义上，这种趋势挺强的。
00:02:26.000 --> 00:02:41.000,我不知道俄罗斯东正教是怎么样，当然，俄罗斯东正教又分好多派，这个我们就不细说了。
00:02:41.000 --> 00:02:46.000,我们刚以前就聊过哈，分为四大派，那么。
00:02:46.000 --> 00:03:08.000,希腊东正教是这样，他们倾向于比如说你不是这希腊人，你不会说希腊语的话，那你做神职的可能性是很低的，但是现在的一个现象就是我在学校读书的时候，有大概一半至少三分之一是从这个他本来是美国土生土
00:03:08.000 --> 00:03:15.000,长的美国人，以前是先调度，后来变成证件。要图，好像又想变神又想做什么怎么办呢？
00:03:15.000 --> 00:03:20.000,他就来我们学校学习嘛，所以可能大概有三分之一这个美国人，他们也变成正教徒，成为神父。
00:03:20.000 --> 00:03:30.000,兰，但是他们的语言呢？离的语言基本上还是以说这个希腊语为主。
00:03:30.000 --> 00:03:35.000,如果美国其实在这方面表现的还不错啦，就是。
00:03:35.000 --> 00:03:49.000,我自己的亲身例子是这样子，就是美国大概可能有一些很多教区都是一半希腊，语，一半一半英语，但是你到英国之后，我参加了这个堂区基本上百分之八九十都是希腊语，然后这个神父其实也是一个希腊人。
00:03:49.000 --> 00:04:08.000,希腊人，所以其实在英国这方面更保守一。
00:04:08.000 --> 00:04:19.000,当然在这里面继续谈到这个海外这个散居的东正教的第二个问题呢，就是这个教区的碎片化。
00:04:19.000 --> 00:04:26.000,教区的碎片化，这个我们之前讲过。
00:04:26.000 --> 00:04:27.000,那么我位主教认为这是一个可悲的，就是一个很晚期的一种伤害。
00:04:27.000 --> 00:04:46.000,无论是这个教牧的工，就是教牧的工作也好，还是对这个西方的西方的基督教，或者外在世界的这个见证也好，就是可能。
00:04:46.000 --> 00:04:51.000,外面看来，哎，你们是宗教徒吗？你不是一家嘛，你怎么封那个俄罗斯分？希腊？
00:04:51.000 --> 00:05:10.000,封塞维亚是吧？跟罗马尼亚呢？所以这个就是对项目，对那个牧养工作造成了冲突，因为可能同一个政教徒，他可能有sire有有有一个塞尔维亚的神父，然后他参加的堂出就是希腊的教会的堂堂，他可能有好几个？
00:05:10.000 --> 00:05:20.000,这个神父来牧养他，就这样造成一定的张力和冲突。
00:05:20.000 --> 00:05:28.000,他说，那在这里自己提的一个问题啊，就是我们应该是可见的一个教会吗？
00:05:28.000 --> 00:05:30.000,我们如何见证这个证照的这种大公信university就是普世性，大功性如何去见证呢？
00:05:30.000 --> 00:05:44.000,既然在一个大的城市里面分成了好几个教区，那怎么办呢？
00:05:44.000 --> 00:05:56.000,就是这样一个问题。
00:05:56.000 --> 00:06:12.000,那么当然，这也不是说他们没有做过努力，比如说在美国这个美国，他们建立了一个叫做conference of connectic shops in在1960年建立，但是很不幸的，他没有做出
00:06:12.000 --> 00:06:29.000,一个很积极的一个回应。
00:06:29.000 --> 00:06:47.000,反正他们说在这个法国和英国都做出了这种努力。
00:06:47.000 --> 00:06:56.000,好在这里面也提到了另外一种现象，就是任何的一个，比如说你要研究历史或者社会学的，话啊，它都有一个。
00:06:56.000 --> 00:07:05.000,叫什么？自上而下或者自下而上的一个过程，它都是互动的一个过程，它是动态的一个过程呢？
00:07:05.000 --> 00:07:17.000,那么其实历史也是这样，它是一个动态的过程，只不过是我们在在了解历史的过程中呢？
00:07:17.000 --> 00:07:36.000,我们倾向于一个比较简单的答案，或者有一位学者告诉你了，历史就是这样子，的或者你或者你的文献仅限于这个中文的文献，那么这中文的文献很显然就经过这历代的执政者的修订和编能留下来就是这些，那
00:07:36.000 --> 00:07:53.000,么他自然就带著一这个大中华的市长，如果没有，没有机会去接触西域民族的一些语言文献的话，你不会站在他们的视角去看同样的问题，那这也是这也是一种现象。
00:07:53.000 --> 00:08:04.000,所以其实关于教会历史也是这样子的，虽然在上面他们做的这种所谓的传东正教的会议啊，在做出努力，但是并不一定见得马上就成功。
00:08:04.000 --> 00:08:13.000,那么在，所以我也主教认为它这我觉得他的视野还是真的非常开阔的哈，就是他认为可能并不是仅仅举行几次这个传东正教的会议就能解决的。
00:08:13.000 --> 00:08:30.000,那这当然需要，但来自这个底层的政教组，他们是否能够在这个政教信仰之内保持一种mutual love啊？
00:08:30.000 --> 00:08:51.000,就彼此，相爱或者神圣的这啊这sure the missile and holy in patient应该是patient吧，还是I啊，就是那种忍耐啊，也是一个非常重要的因素，就是做一个共同见证的
00:08:51.000 --> 00:08:57.000,因素。虽然他们在护理生参上没有问题，但是他们教区确实有那么多好。
00:08:57.000 --> 00:09:17.000,我们继续讲，我就稍微讲快一点，因为可能上次速度慢一。
00:09:17.000 --> 00:09:30.000,那么他在这里面。也谈到了西方。西方的礼仪，也就是说，在东正教内部， i asked you for western right在东正向内部有一些采用西方礼仪的。
00:09:30.000 --> 00:09:41.000,一些现象。
00:09:41.000 --> 00:09:50.000,就是说，在1000年之前，东西方他们采用各自的礼这个西方社会呢，采用了跟半山田不一样的礼仪啊。
00:09:50.000 --> 00:10:02.000,但是在那个时候，由于没有分裂，他们的这些礼仪呢，也是也是正确的啊，叫folly outside。
00:10:02.000 --> 00:10:03.000,但是我们现在的人谈宗教领域的时候，其实我们更多的是指什么呢？
00:10:03.000 --> 00:10:28.000,拜占平理，拜占田里有一次我跟那个谈，我说是东正教的，圣诞节的，他说直接改成正教的圣诞节啊，他就他认为现在所谓的东正教，其实指的就是拜占挺，那么他倾向于用正教这个词。
00:10:28.000 --> 00:10:43.000,他说，正教是U624开始， like就是是普世的，大家都认可的，然后它不仅限于半产品，所以这也是一种张力哈。
00:10:43.000 --> 00:11:05.000,所以你看维护主教的视野，它就旷课在这里啊。他说，我们不应该仅仅把把拜登田就等同于东正教或者证教，因为在这个1000年呢，就是东西方分裂之前呢，其实很多的地区产生的拟文本都是austract的，因为
00:11:05.000 --> 00:11:10.000,那个时候最后没有分裂。他说，古罗，这个看你看是在哪里？
00:11:10.000 --> 00:11:34.000,不知道克里特应该这个是克里特most rapic啊， netag啊，都是他们的，你产生于这个东西方分裂之前，他们都是australia的，而这些零文本，那么如何去去应对这些？这些您文本呢？
00:11:34.000 --> 00:11:41.000,对。
00:11:41.000 --> 00:11:56.000,啊。他说他在这里面介绍了法国的一个团体，他说有个有一个非常积极的，这个caseling outside church of france，但我们不能说它是天主教的东正教贵，我觉得应该是一个大公的东正教
00:11:56.000 --> 00:11:58.000,会。
00:11:58.000 --> 00:12:07.000,那么他，他他说他起源于19371个早期的罗马天主教的神父叫路易斯。
00:12:07.000 --> 00:12:15.000,啊。
00:12:15.000 --> 00:12:27.000,Ok，他在这里就接受了这个俄罗职位和法罗。
00:12:27.000 --> 00:12:33.000,那么他当时的这个俄罗斯大水木的代表就允许他继续使用西方的礼仪。
00:12:33.000 --> 00:12:54.000,也就是说他证教会，但是他采用的是罗马，应该是罗马的这个礼仪。
00:12:54.000 --> 00:13:00.000,那么还有一位主教还采用了这个的礼仪。但是。但是。
00:13:00.000 --> 00:13:13.000,但是他才他主要采用甘岭谈的礼仪，但是他也参考了一些拜占田里的一些特点。
00:13:13.000 --> 00:13:25.000,Ok，在这里我们就不细说了，我们继续往下讲。
00:13:25.000 --> 00:13:37.000,那是那些。
00:13:37.000 --> 00:13:42.000,他说有一小部分的这个
00:13:42.000 --> 00:13:56.000,陌生的一个环境啊，就是在在西方社会，其实他们仅仅是挣扎于生存，仅仅是正常与生存。
00:13:56.000 --> 00:14:05.000,我们。
00:14:05.000 --> 00:14:11.000,也就是在这里面。他说，如果他们真的相信东正教是普世的信仰，那么他们不应该把自己跟其他的非东正教的主要群体啊。
00:14:11.000 --> 00:14:20.000,环绕他们的主要重提呢？切割开来包在ice duty and the private zish show s。
00:14:20.000 --> 00:14:31.000,Pecific但是作为他们的一种使命和特权，他们应该把他们正教的信仰呢？
00:14:31.000 --> 00:14:32.000,分享给其他人。他的意思是什么？他在这里面说这个zoom none outlook majority around是谁呢？
00:14:32.000 --> 00:15:02.000,这里指的就是天主教和先教团体。在西方的天主教和新教群体啊他威尔主教认为我们不应该仅仅是保留这个outforce的信用我们应该有义务和责任给这些now的群体或者叫派传递证照的信仰礼仪是怎么样子
00:15:05.000 --> 00:15:17.000,的是怎么样子的，那么这是一个比较积极的态度，比较积极的态度。
00:15:17.000 --> 00:15:35.000,所以他在他在这里面，你可以看到为什么啊？东正教要啊，可能要积极的参与这种普世和一运动或者说宗教对话的一个原因啊宗教对话的原因，他说，我们，我们正教徒不但要去理解，也需要去聆听。
00:15:35.000 --> 00:15:57.000,那就是去更深的理解我们自己。东正教的这去聆听千倍的，聆听西方的同时期的一些其他的教派啊，包括这个宗教的，还是世俗的人对东正教的一个看法。
00:15:57.000 --> 00:16:15.000,那么我对这个态度是肯定的。我跟这个态度是肯定的，这个这个就类似于我们现在所做的事情，就是我们不应该说，就是说我为我们中证，教也好，还是东方教会为我们我们教，会独宗啊。
00:16:15.000 --> 00:16:23.000,然跟其他的叫叫派没有对话和商讨的可能性，是我们要要怎么样呢？
00:16:23.000 --> 00:16:31.000,就为主这个观点是什么呢？我的口是张开的，就是我的口向你们是张开的，你们来问，我就告诉你们，我们是什么。
00:16:31.000 --> 00:16:51.000,是吧？啊？我，我呢，也愿意继续的讲。在一个西方的这种环境下啊，一个天主教和先教的环境下，或者叫一个现在叫世俗化的一个环境下，我们因为继续的去介绍东正教是怎么样子的东正教是怎么样子的，它不是一个消极的态
00:16:51.000 --> 00:17:08.000,度哈，它是一种积极的去互动的一个过程，那这个是不可避免的啊，就是主要是看你是什么态度去做。
00:17:08.000 --> 00:17:23.000,那那么不但呢，在西方的东正教不这个，忍受了这个，缺少互动的一个交流的过程。
00:17:23.000 --> 00:17:36.000,不但是这样子，而且在东正教内部，他们不同的大手目和自治这个自治，自治，东正教会之间呢？
00:17:36.000 --> 00:17:42.000,他们，他们通常认为他们自己没有什么错误。
00:17:42.000 --> 00:17:48.000,并且威尔主教认为他们他们彼此隔离的太厉害，也就是说，比如说现在罗马尼亚自治了，塞尔维亚也自制了啊这个终生产定也。
00:17:48.000 --> 00:18:08.000,自当然，这个普世大神木，俄罗斯这大数目，他们都认为自己没有什么错误，然后他们都这个就各自各自做各自的事情，那么这个对维尔主教来看呢？
00:18:08.000 --> 00:18:29.000,我觉得他的看法是多好的，不好的就是说ok，你一方面你面对一个在西方的一个群体，你缺少跟西方人交流去介绍东正教是什么，另外一方面你在东正教内部不同的这个大扫墓辖区和这个自治区自治区之间你又缺少交
00:18:29.000 --> 00:18:45.000,流哈，各自干各自的。这个。这两个现象我觉得对我的主教来说是不好的，在这里面大家能够读出来。
00:18:45.000 --> 00:18:55.000,所以他在很多时候呢，他们公开的交流啊，就是通过社会之间的这种信函交流。
00:18:55.000 --> 00:19:09.000,他说，今天这种风格仍然存在，但是呢，我们也发现其中大家有更同进一步探讨的这种意愿越来越多。
00:19:09.000 --> 00:19:15.000,那么这个一进一步探讨的意愿在哪里啊？就是austract party party same pay in the world。
00:19:15.000 --> 00:19:19.000,Concert of church has played it sport。
00:19:19.000 --> 00:19:25.000,就是说，东正照参与普世合一运动，我们叫做wcc运动。
00:19:25.000 --> 00:19:32.000,那么这种大部分cc运动就是我们现在已经开始在国内面对的一种张力，已经出现了。
00:19:32.000 --> 00:19:35.000,那么我可以。对，怎么说呢？我能感受我们的秀出秀出这种氛围，就是在国内来说可能更多的继承的是对这个wcc一种消极的一种态度就是说，我们登上叫不应该跟他们交流我们是正统的，你们都是错误的。
00:19:35.000 --> 00:19:58.000,我，我为什么跟你交流？我交流了就表示我妥协，我的信仰啊，大概是这个意思。
00:19:58.000 --> 00:20:14.000,但是我们也要知道啊，在在政治内部也有一种现象，就是他们愿意去做这种普世合一运动的交流就跟大不了参与wcc的一些活动和计划，就是说他们说你们能拍个代表出来吗？
00:20:14.000 --> 00:20:30.000,那么东正教这有一些人呢，就是说，我们可以呀，我们愿意介绍东正教是什么，我们愿意把我们对东正教的理解告诉你们呀，是吧，我们也愿意聆听你们的想法，这个就是一种态度那么你说我有主教站在哪一边啊？
00:20:30.000 --> 00:20:39.000,从这一页来看，啊，那我至少可以肯定我也主教。是啊，至少是对这个WCC的这种。
00:20:39.000 --> 00:20:45.000,这种模式是抱抱有积极的看法的，抱有积极的看法的。
00:20:45.000 --> 00:21:04.000,他认为，东正教有必要去去让西方人了解他认为东正教内部也有必要彼此交流，那么这个比较可怕的一个现象就是东正教，内部有一个派，别比，如说俄罗斯圣童也好，塞尔维亚生存也好，他宣告自己是那个真正东正教的遗传其他
00:21:04.000 --> 00:21:12.000,的真正教派都够弱了，有这样的看法出现吗？那我觉得这个就是现在东正教要解决的问题。
00:21:12.000 --> 00:21:35.000,我觉得是有的，那么至少至少我个人从这个乌克兰战争可以看出来，目前的俄罗斯的教会我觉得有这种倾向，有这种倾向，但是他们有出现这种倾向，我们也不能说完全不能理解，就是说我只不过是说我个人不赞同这种倾
00:21:35.000 --> 00:21:47.000,向你，你为什么要这样呢？就是为什么一上来就说我去那个我，我不参与，这个不参与那个，完了我做的唯一工作就是指出你们的错，然后我我自己是正确的呢？
00:21:47.000 --> 00:22:00.000,这是在介绍东正教吗？我觉得至少在态度上我就觉得不行啊，你是个你如果是个正教徒，你不应该有这种态度的是吧？
00:22:00.000 --> 00:22:18.000,所以我，我非常理解为什么普世这个大扫墓，还有这个威尔主教啊，还有我们学校的一些老师，包括juniors，他们积极地参与wcc的运动啊，我也能同情那些就是可能政教内部的一些偏保守的派，别。
00:22:18.000 --> 00:22:26.000,他们在批评政治要参与wc运动的一些现象。
00:22:26.000 --> 00:22:35.000,所以在这里面我继续说，由于这段是我想强调的哈，所以说usually就是这个东正教的代表。
00:22:35.000 --> 00:22:45.000,我们address great guys really really remember wh经常发现他们自己的air re prepared to speak with unit voice就是说经常发现自
00:22:45.000 --> 00:22:52.000,己a prepared就是病了，就没有准备好发出一个统一的声音。
00:22:52.000 --> 00:22:56.000,为什么z have ask？
00:22:56.000 --> 00:23:03.000,他们，他们，他们在问海为什么要让这个WCC就是普适合一的。
00:23:03.000 --> 00:23:14.000,这个运动把东正教徒带在一起。 Youtube we overseaf never meet to discuple of common propert为什么我们自己作为证教的各种派别没有一起过来商讨这个
00:23:14.000 --> 00:23:36.000,我们自己要面临的共同的问题就在这里面有一个进一步的一个现象，就是说他们通过参与这个大步的cc的运动，发现东正镇内部在一些主题上啊，他的声音并不完全一致，而这个这个不完全，因为他们之前是书格的一个状态，所以他们现在他就为
00:23:36.000 --> 00:23:51.000,主教就二诊的哈，这样子他说有一个紧急的迫迫切的需要是一个全中正教教派啊的参与的一个合一的，非常好的运动啊。
00:23:51.000 --> 00:23:58.000,他说，尤其是下一代的这个下一代的青年，哈。
00:23:58.000 --> 00:24:14.000,那么他在这里面介绍了一个一个这样的前沿用动就是international一样是organization叫做在1953年成立的。
00:24:14.000 --> 00:24:15.000,那在这里面我们再次见到这个大手目，大手目参与的这个运动。
00:24:15.000 --> 00:24:23.000,在第一次世界大战的时候呢？
00:24:23.000 --> 00:24:37.000,应该是在什么时候一次？一次是在一次事件，在一次after the first world在一次事件大家之后，大手部召集了一次great concert就是一个整个东正教的一个大的会议。
00:24:37.000 --> 00:24:48.000,啊，算是朝着这个东正教内部的这种收入状态呢，进了一步还。
00:24:48.000 --> 00:24:58.000,那么在有一个premining inter outside committee在阿苏31930年。
00:24:58.000 --> 00:25:12.000,但是这个这个，这个，这个pro senald啊，被被被土耳其政府给阻拦了。
00:25:12.000 --> 00:25:22.000,那么这个这个这个PO structure conference啊，就是这个额全中正教的一个会议是大首目推动的。
00:25:22.000 --> 00:25:30.000,那么他最后在11961年的时候，在这个叫rodes brothers是哪？
00:25:30.000 --> 00:25:34.000,我没查一下，但是你们，你们帮我查一下，具体是哪个位置。
00:25:34.000 --> 00:25:54.000,9月份召开了第一届的这个全东正教的会议，那么在1963年，1964年也是在rody继续召开了这个传统任教的会议。
00:25:54.000 --> 00:25:59.000,好这就是关于这个问题，下面我们来看这个东正教的。
00:25:59.000 --> 00:26:00.000,宣教。那么东正教宣教其实做的是不不太好的，就是总体来说是不太好的。
00:26:00.000 --> 00:26:23.000,我们，我们现在来介绍一下这个东正教的宣教运动。那么东正教宣教最成功的用途就是对斯拉夫民族啊这个client和message还有它的门槛，对斯拉夫民族的一个宣教运动，那同一时期罗马的天主教他们也在这些地
00:26:23.000 --> 00:26:30.000,方宣教。
00:26:30.000 --> 00:26:51.000,那么当他们当当希腊人被土耳其占领之后，那么他们的这个宣教工作基本上就截止了，因为在政府层面就不允许你这样做他们只允许你变伊斯兰教徒不允许你转成基督徒，何况你再去去去国外，那是更加不可
00:26:51.000 --> 00:27:09.000,能了那么在19世纪，俄罗斯他们有过像。这个额，其他的国家和民族宣教的一个一个意愿啊。确实有产生一些运动比如说在这里面，他首先从俄罗斯开始介绍。
00:27:09.000 --> 00:27:32.000,在1917年10月文化革命之前，他们啊，不但是美国的阿拉斯加，他们也向中国，日本和韩国派去了一些宣教士开设了一些宣教士，那么在这里面就谈到了啊，我们算是19世纪啊，到20世纪之间的一个啊，一个运动比如说在20世纪
00:27:32.000 --> 00:27:33.000,初，由于义和团运动呢啊，在俄罗斯，俄罗斯对中国宣教运动的基本上啊，有一次大的屠杀，哈对400个中国的正教徒啦，杀掉了。
00:27:33.000 --> 00:27:52.000,那么在1957年的时候他们这个把chinese ows打church变成一个自制的教会啊。
00:27:52.000 --> 00:27:55.000,但是我们现在看到了。
00:27:55.000 --> 00:28:16.000,"现在谈自治过早了，因为神父和主教都没有真正的哪一个说入住到这个中国的国内，当然，在1957年的时候，有两个中国的主教有大概20,000的信徒，啊但是这个read guard release god应该是红卫兵"
00:28:16.000 --> 00:28:25.000,运动啊在红卫兵运动时期呢？基本上。这个这些政教信用，这项信仰的完全被转为地下。
00:28:25.000 --> 00:28:37.000,那我们知道啊，这个我们自现身经历就不用说了。
00:28:37.000 --> 00:28:48.000,啊，这个数据我不知道是不是准确的啊，那个我也不太了解，因为我接触的国内的证交出也不多，但是说feel啊，我觉得还是可能比较少的。
00:28:48.000 --> 00:28:53.000,可能近几年啊，正教徒慢慢的慢慢的增多了，那目前来说我知道的可能在一些这个黑龙江，哈尔滨啊，或者新疆的这个偏见俄罗斯边境的地区应该还是有一些。
00:28:53.000 --> 00:28:54.000,少数的这个正教徒。那么在一些大城市啊，成都啊，北京呢？
00:28:54.000 --> 00:29:16.000,上海这些广州啊，这些地方应该还是有证照组的，但这样是有相对来说真的是非常少。
00:29:16.000 --> 00:29:22.000,我看过俄罗斯的一部介绍史，说是在当年新中华成立以后啊，这些证教。
00:29:22.000 --> 00:29:33.000,政教的主教和神父，他们决定把他们教产献给共产党，结果这一切就没完了。
00:29:33.000 --> 00:29:39.000,这个教材他们就不还了。所以一直是这样子那一直是这样子。
00:29:39.000 --> 00:29:54.000,那么日本呢？日本有一个叫做顺德顺利古拉斯的啊，他是他，他说他是现在的一个最伟大的一个一个宣教士啊，他被派去日本的，一个叫做的地方。
00:29:54.000 --> 00:30:14.000,"1861年，然后在这里面，他举行了一个宣教，用的完全由他发起，那么当他去世的时候啊，大概有266个人，人员啊，不是不是人员的是congregations聚会的地方成员达到了30,000多，30,000多。"
00:30:14.000 --> 00:30:21.000,"啊，他们今今天日本的现有大概还有25,000人，有两个主教，40个神父。"
00:30:21.000 --> 00:30:39.000,那么日本啊，日本的这个东正教也是自制的，那么他是被俄罗斯有署名的牧羊，那韩国最初建立的这个东正教是由俄罗斯的神父1898年建立的啊，它几乎在1950年的时候就。
00:30:39.000 --> 00:30:59.000,结束了，但是在1980年的时候啊，1980年的时候，我们看到啊，他不是来自于俄罗斯了，而是来自于一个greek mark啊，是一个希腊的一个一个一个修饰呢，他们在这里建立，啊直到2008年，现在大概有七
00:30:59.000 --> 00:31:10.000,个堂区，一所神学院，两个修院，1980年的时候，在这个大扫墓的大全部的情况下啊，这个。
00:31:10.000 --> 00:31:17.000,支持的情况下啊对于这个比如说印度尼西亚，菲律宾那香港和男伤身分感稍微崩溃是印度的一个地区开始了一个宣教的运动，所以他们也是有偏叫运动的，只不过是规模和人数相对。
00:31:17.000 --> 00:31:35.000,天主教和新教来说就会少很多。
00:31:35.000 --> 00:31:55.000,那么现在其实在肯尼亚和乌干达还有这个taskne啊，也应该也是非洲地区也有一个东正叫的现象，这个现象非常有意思哈，它不是他不是一个官方派遣先状是过去的一个活动，而是有两个主领人，主领人最初是两个乌
00:31:55.000 --> 00:32:17.000,干达哈两个本土的无感达人叫roben sumbe sam bange啊mocas spanta有他的朋友欧巴达喀巴喀巴达巴斯加，可以透露哇，这个太难读了，他们最初是在一个annie跟踪的这个教会
00:32:17.000 --> 00:32:33.000,下长大，然后他们在1920年的时候变成正教徒，他们变成正教徒，并不是有正教徒给他们传福音哈，他们通过自己的学习，变成了正教徒，那么变成症状处之后就非常热心的去传福音啊他们最初在美国建立了一个叫
00:32:33.000 --> 00:32:45.000,做阿富汗这个非洲的东正教会，但这个非洲的东正教会没有收到任何东正教辖区的认可和支持。
00:32:45.000 --> 00:32:52.000,那1932年的时候呢？他们啊，被这个artibition unique senjer
00:32:52.000 --> 00:33:01.000,案例为绳子，最后在1941946年的时候呢，他们得他们的这个教区得到了这个压力。
00:33:01.000 --> 00:33:09.000,山大小区哈。我们知道亚历山大到大数目的认可。
00:33:09.000 --> 00:33:19.000,那么这个这个robbn和owner他们，他们开启的这个非洲的东正教的这个传福音的活动是非常积极的啊。
00:33:19.000 --> 00:33:32.000,他们首先批评这个多期制，然后呢，他们也参与了这个啊，非洲的这个自由主义运动啊，这个一种政治运动当然后来跟他多脱离了关系，那么现在肯定要地区呢？
00:33:32.000 --> 00:33:53.000,"大概有70,000到250,000的。政教人正教徒，乌干达了，有30,000的正教徒，那么我们在学校的时候，有一些人说我们要宣教去，非洲有一些甚至直接有一个从非洲过来的主教还来我们学校讲过一次道吧，算是所以非洲现在"
00:33:53.000 --> 00:34:12.000,的政教徒是有的啊。就是说他们是比较自由的，可以开展工作和开展工作。
00:34:12.000 --> 00:34:18.000,那么他们这这这两个人，他们还去过希腊的这个教区。
00:34:18.000 --> 00:34:22.000,这种就不细说了。
00:34:22.000 --> 00:34:31.000,我们再来读一下这段话。
00:34:31.000 --> 00:34:40.000,他说，因在现代的东正教并不总是啊，轻易的被认识到啊。
00:34:40.000 --> 00:35:00.000,就是说，东正教认识到就是在外表的一种失败下，啊他，他底下是是胜利的，就是第三个powerful for feeling seven weekends就是能分辨出在在他的软弱中能够分辨出啊，里面充满了上帝的能
00:35:00.000 --> 00:35:01.000,力。
00:35:01.000 --> 00:35:14.000,那是在这个教会的实际的过程中就出现在two chat with in的history covility。
00:35:14.000 --> 00:35:26.000,那么这个是它的一个现象。另外一个现象呢，就是这个离灵修的运动，零星的运动，那么我们你们也可以从我身上可以直接，看出来就是通过这个木上级来来的。
00:35:26.000 --> 00:35:36.000,啊，牧上级来的啊那么中国木材以后来啊，接收到东正教，最终加入中重标准，人们也也也也是不少的。
00:35:36.000 --> 00:35:41.000,那么包括西方东啊，中国的话我不知道应该，我，我应该不是第一个人啊。
00:35:41.000 --> 00:35:42.000,但是我是其中的一个例子。啊，就是说我我有数方面的需要，然后我知道阿苏斯山，然后找到一个英文的安全机，这个我就不细说了，我已经讲过了。
00:35:42.000 --> 00:35:59.000,所以啊，因为这个东上教的离修传统也是吸引人啊最终变成正教徒的一个重要的一个现象。
00:35:59.000 --> 00:36:21.000,这样一个现象，当然我们在，在在，在现在的过程中，我们我已经看出来了，有一些新教徒，他们试图直接把这些文本呢，就拿过来放在教会中，就同时呢，跟东正教似乎要做一完美的切割，哈，就是说在一种区隔的状态下，这
00:36:21.000 --> 00:36:39.000,个是我不赞成的。我已经写文章说到了这边啊，就是零修传统，跟它背后的这个教会传统是密不可分的，你只是想要它灵修的部分，它对它，它支撑它的一片土壤，这个整个教会的传统，你不拿过来你是没有办法去，在这里面
00:36:39.000 --> 00:36:58.000,真正发展，的。这是一个非常危险的一种活动，就是拿来作用的主意，这个，这个，这个我觉得我一点都不赞成啊，因为你想它那个总统只要传承2000多年的这个教会传统仅仅是领袖这一块由你拿来就用的吗？
00:36:58.000 --> 00:37:18.000,你你哪怕说ok，你是道教徒，你拿来就用吗？你用肯定就用歪了呀是吧，你基本的一些东西不一样，所以它不是一个拿来就用的关系哈，它是一个你现在是需要彼此你需要多了解它的一个过程，你了解到足够了，我们再谈下一步
00:37:18.000 --> 00:37:25.000,啊。也许对我来说，可能唯一的办法就是真正的去传承这个离休传统，那就是直接加入种种叫做好了。
00:37:25.000 --> 00:37:36.000,他们已经有了这些东西啊，各种老祖宗的，那那点东西，还配料配菜如何给你用，你到哪个阶段怎么用都清清楚楚，不用你去费心呢？
00:37:36.000 --> 00:37:42.000,反而你非得自己在外面。建造一个我。我，我觉得我一点都不乐观，我。
00:37:42.000 --> 00:37:52.000,我甚至认为这个将来很可能又会产生一个异端啊。从这个里面出来。
00:37:52.000 --> 00:38:01.000,好，我们接下来时间再谈一点这个。第二部分，这个我们一节课就把这两个过渡了，那么这第二部分我觉得非常非常好。
00:38:01.000 --> 00:38:02.000,所以，好到一个什么地步？好的一个地步就是我要读一遍英文，然后再翻译过来， ok，就是他对这个。
00:38:02.000 --> 00:38:25.000,渗透啊，有的把它叫做ton intradition啊它这里有一个capto这个是打了一个大写的T叫holiday tradition渗统的一个理解啊或者叫我们把它叫做罢工，传统传统或者盛
00:38:25.000 --> 00:38:32.000,传这样的翻译，当然也有小的意义哈，叫做nito tradition net tradition。
00:38:32.000 --> 00:38:37.000,其实从很多方面呢，它就相对消极一点，消息一点。但这条界线其实是比较难的。哈。
00:38:37.000 --> 00:38:51.000,当然我们现在就来谈啊第第十章它关于这个盛传或者叫大公传统的一个理解，在收source office就是东正教信仰的支援。
00:38:51.000 --> 00:38:55.000,盛传。
00:38:55.000 --> 00:39:01.000,那么他引用了一句话，题目太一前书啊，是是是要首位啊。
00:39:01.000 --> 00:39:08.000,第二个呢，就是比较有名的写这个俄罗斯。东中正教神学导论啊，就是东正教神学导论。
00:39:08.000 --> 00:39:35.000,这个作者洛斯基，他说，渗透或者说这个盛传是教在教会当中的圣灵的生命，那那当然它是一个内在的，那么总体上我读下来啊，我觉得他的观点我是非常认同的，并且虽然他在文中没有说没有像我这样强调圣经哈，因为我
00:39:35.000 --> 00:39:37.000,强调圣经到一个地步，我说圣经是人的一个心脏的新房啊，这个圣礼仪呢？
00:39:37.000 --> 00:39:52.000,是可能是另外一个新房。我就强调他到心脏的这个地步了，但是基本上我们能看出他有这样一种态度，就基本上我看完以后，我的理解是什么？
00:39:52.000 --> 00:40:01.000,如果说retradition啊，这个盛传是一个人的话，这个可见的人的话，那么他的灵魂是什么呢？
00:40:01.000 --> 00:40:06.000,的灵魂就是圣，他有看不见的部分，那么森林当然包含了圣山。
00:40:06.000 --> 00:40:10.000,一，在教会当中的工作。
00:40:10.000 --> 00:40:15.000,所以这个是整个盛传的生命，那么它的中心是什么呢？
00:40:15.000 --> 00:40:27.000,我们说肯定有圣经，圣经是他的一个心脏，是心脏是他整个这个基督教信仰产生的一个源传啊之一啊。
00:40:27.000 --> 00:40:49.000,所以在这个基础上，我们产生了盛传的一些外在形式啊，比如说圣经啊，大公会议的决议啦啊，一些包括一些地方会议的一些决议啦啊，我们产生的这个教父的著作啦，我们产生的这种礼仪的文献呐，文本啦，都是在其中的，都是在其中
00:40:49.000 --> 00:40:54.000,的，所以它包含的范围很广很广。
00:40:54.000 --> 00:41:03.000,好，现在我们来继续读他的一个著作。
00:41:03.000 --> 00:41:04.000,他说，在政教历史上，从外在的角度呢，产生了很多突然的这种断裂。
00:41:04.000 --> 00:41:17.000,首先呢是亚历山大安家和耶路撒冷被这个阿拉伯的穆斯林呢？
00:41:17.000 --> 00:41:25.000,俘虏啊然后。这个基辅地区呢？被蒙古烧掉了。然后呢？
00:41:25.000 --> 00:41:39.000,两次中斯坦丁堡的这个被围攻two，然后俄罗斯的10月，十，10月革命，颜色革命。
00:41:39.000 --> 00:41:54.000,那么这些事件当然改变了东正教的外在形态，但是他从来没有破坏过东正教会内在的一致性和持续性。
00:41:54.000 --> 00:42:08.000,啊。当然，当一个陌生的人第一次接受到公正教的时候，通常会被他一种非常古典的我们甚至说按提下就是古董的气氛所所凝观。
00:42:08.000 --> 00:42:27.000,它有一种厚实的厚重的那种历史感。我不知道你们，你们有没有机会去一个中正教堂，你去一个东正教堂，你哪怕没有去哈你就是听这些网上的这个outdoor证照的这种音乐。
00:42:27.000 --> 00:42:34.000,你也能听出一种历史感就是一种非常浓重的历史感，他就扑灭而来，不免的。
00:42:34.000 --> 00:42:41.000,所以，并且他给人感觉是不会变化的，就是无动于不会变化。
00:42:41.000 --> 00:43:08.000,那么他还说，政策会突然还是啊，对人有三次的敬礼啊，就像最早的教会一样，他们仍然把啊这个婴儿和小的孩子带到教会里面去领圣餐啊而在礼仪当中呢，只是仍然会喊，你说，都我在斗啊就是门门回应的早期教会就是教会入口
00:43:08.000 --> 00:43:15.000,的一个现象哈，需要需要被把守。
00:43:15.000 --> 00:43:22.000,也就是当这个领生产的时候，他们他们会有这样一个在做这种呼喊呢？
00:43:22.000 --> 00:43:36.000,就是说，你们这些还没有，就是还还没有受洗成为基督徒的人啊，就就到外面去，然后只有我们这个已经接受信仰的人呢，才能领圣餐，并且每一次主治呢？
00:43:36.000 --> 00:43:50.000,他们仍然背诵这东西。当然它指的就是核子剧了。
00:43:50.000 --> 00:43:59.000,好我们，我们继续来看。
00:43:59.000 --> 00:44:12.000,东正教通常被准确的认为他们不会变化，把他们决定像过去持守他们的忠贞。
00:44:12.000 --> 00:44:20.000,然后他们是，一古代古代的教会一种活生生的持续。
00:44:20.000 --> 00:44:28.000,在18世纪的时候，有一次这个大公economical concern。
00:44:28.000 --> 00:44:34.000,我有一次这个会议吧。
00:44:34.000 --> 00:44:48.000,这个有一个。说说说了说了这个关于东正教的一个快态度，哈。
00:44:48.000 --> 00:44:55.000,We preserve the doctor of load oncrupted and flowny other hair to the。
00:44:55.000 --> 00:45:25.000,我们，那我们持守我们毫不损毁的持守主的教导我们坚定执著于或者黏着它传给我们的信仰我们并且保守他免于啊，这个残疾或者减少把它当作一个这个皇家的宝贝。
00:45:28.000 --> 00:45:32.000,并且以极大的代价呢？持手段literal adding any say no taking any same friends。
00:45:32.000 --> 00:45:42.000,我们必不给他加什么，也不给他啊，也不也不从中拿掉什么东西啊。
00:45:42.000 --> 00:45:47.000,这个是他的一个态度。
00:45:47.000 --> 00:46:02.000,那么整个一个活生生的持续性啊。就是说，一个正教会一个活生生的一个它是一个活体，它是活的，它不是死的，它就是这样一个怪点，可以基本上概括东正教的传统啊，是什么？
00:46:02.000 --> 00:46:10.000,那是他可以用一句话盖过，就是说， we do not的权益就是。
00:46:10.000 --> 00:46:21.000,啊。通过这个大马士革的约翰说，我们不改变这种很久的，我们的教父们所给我们定下的很久的界限。
00:46:21.000 --> 00:46:25.000,But we keep the tradition just as we received。
00:46:25.000 --> 00:46:35.000,我们保持这种盛传正如我们所免受的啊。这个是东正教的一个关于盛传的一个态度。
00:46:35.000 --> 00:46:36.000,好，我们继续往下讲，因为这段呢，比较重要。我，我就。一边讲就一边看着一边翻译吧。
00:46:36.000 --> 00:46:48.000,如果我翻译太准确的话，欢迎大家来那个。
00:46:48.000 --> 00:46:58.000,跟我说哈，我怎么看到看不到上面的这个啊？没没有人说的话那就行。
00:46:58.000 --> 00:47:05.000,那么东正教经常谈到这个渗透，或者叫盛传。
00:47:05.000 --> 00:47:10.000,但是这个这这个词是什么意思呢？
00:47:10.000 --> 00:47:28.000,那么一个传统，通常的理解就是表明从他们的祖先传下来的一个一种观点，一种信仰或者风俗。
00:47:28.000 --> 00:47:37.000,那么基督教的传统或者叫圣徒主耶稣基督。
00:47:37.000 --> 00:47:53.000,传给他的使。然后呢，是一套这个信仰的实践。哈。在fix，是一套这一套信仰和信仰的实践，是主耶稣基督传给使图，然后使使图的时间呢？
00:47:53.000 --> 00:48:01.000,要继续。一代一代往下传。在教会里面传的这样一个传统。
00:48:01.000 --> 00:48:13.000,但是对于东正教的基督徒来说，哈政教的基督徒来说，传统意味着一些更加具体，具体和细节的内容。
00:48:13.000 --> 00:48:19.000,它意味着在这里面传统。
00:48:19.000 --> 00:48:49.000,传统意味著这个圣经的收赚，意味著现金意味著大工会议的这个决议和教父们的著作意味著教规啊，这个你一文本，剩下事实上整个系统啊这个交易的系统啊教会的这个这个建构崇拜灵性和艺术。
00:48:50.000 --> 00:49:02.000,啊，这个。这个东正教所表现出来的啊，这个事实，大家所表现出来的这所有的一切呢，都可以说是传统。
00:49:02.000 --> 00:49:09.000,那么东正教的基督徒，他们今日的东正教基督徒是他们自己是这样一个丰富的。
00:49:09.000 --> 00:49:21.000,从过去传承过来的这个财产的这个继承人啊，就是继承人和守护者，他们相信啊，是他们的。
00:49:21.000 --> 00:49:29.000,这个职责，把这个主耶稣基督传下来的这个传承呢？
00:49:29.000 --> 00:49:44.000,没有偏见的哈，就是没有没有任何伤害下一代。
00:49:44.000 --> 00:49:45.000,好这一段呢？我在这里面总结了一下，啊，就是这段是。当然前面一段是整体的。
00:49:45.000 --> 00:50:01.000,主教论这个传统的，这个东正教众传统的一个看法，现在我主教呢，又分开的去论传统啊，就是细说了。
00:50:01.000 --> 00:50:08.000,细说了一下，他首先谈论到圣经的一个地位。
00:50:08.000 --> 00:50:14.000,我们要知道，圣经是盛传的一部分。
00:50:14.000 --> 00:50:24.000,有时候盛传也被认为是主耶稣基督的口传，没有被记录在这个没有被他的门徒呢？
00:50:24.000 --> 00:50:37.000,立刻记录在书传当中。
00:50:37.000 --> 00:50:43.000,不仅是非正教徒，包括很多证照，作者们也也采用了这种说话方式。
00:50:43.000 --> 00:50:59.000,啊他们，他们对待这个圣经和盛传是两个，是两件事，是基督教两区别有区别的。
00:50:59.000 --> 00:51:09.000,来源。但是事实上，他在这里面这是委员主教的看法。但是事实上， there is only one source。
00:51:09.000 --> 00:51:12.000,我script existing wish tradition。
00:51:12.000 --> 00:51:25.000,但事实上只有一个来源，因为圣经存在于圣统之类啊盛传之类to separate under contract to too is to in power right的idf bosselec。
00:51:25.000 --> 00:51:47.000,说，把他们分开，把他们做对比，是对他们的这个一种剥削，使他们变得赤贫，是他们彼此那么在这这个最后一句话是，我的一个基本上是，就是一个看法，就是我们现在谈这个圣经和盛传的时候。
00:51:47.000 --> 00:51:48.000,可可可能带着宗教改革的影子啊，因为我们从宗教改革的时候，我们开始去凸显出圣经和传统和社会传统之间的这种区别，那么可能宗教改革呢？
00:51:48.000 --> 00:52:09.000,他们认为，唯独圣经，那唯独圣经在可能在当时的历史背景下呢，唯独圣经其实是未来干嘛的呢？
00:52:09.000 --> 00:52:18.000,用来反对当时罗马天主教所推崇的一个所谓的叫做教会传统的我们说这位传统也包括这些始终的口传主。
00:52:18.000 --> 00:52:24.000,耶稣的口罩没有被记载在深圳当中的口传的，所以他们就用来反对。
00:52:24.000 --> 00:52:32.000,他说，反不是圣经记载的，我们都要抛弃，就是这样一种观念，那这个当然不是东正教的一个看法。
00:52:32.000 --> 00:52:38.000,当然不是一个东正教的看法。那东升教的看法在唯有主教这里面可能就比较迁徙了。
00:52:38.000 --> 00:52:47.000,他认为传统反而是这个东正教的唯一的源程。为什么呢？
00:52:47.000 --> 00:52:59.000,因为圣经就在传统中间。如果说我的看法跟我主教稍微有点不同的话，是我会把圣经放在这个传统的中心的位置，就像一个人的心脏一样，我会把它放在中心的位置，我看了以后，我觉得我还是我没有改变自己。
00:52:59.000 --> 00:53:24.000,那篇文章的看法，我觉得就是这样子，瞬间是处于传统的核心，它不是你的手指甲，不是你的眼睛，毛啊，不是你的下班，而不是你的头发可以拿掉的哈，它再长出来不是它是你的心脏的位置，那他是在传统的他是在传统中间
00:53:24.000 --> 00:53:41.000,的这个，这个是这个，我完全认同啊，这个可能我跟我主教，唯一可能我也主教，没有明说的一点就是这个啊，我明说了就是这个，就是我自己的看法，我认为圣经在传统当中处于核心的位置，无可替代，无可替代。
00:53:41.000 --> 00:53:46.000,当然我主要在后面也会提到这个看法。
00:53:46.000 --> 00:54:05.000,好，我们接下来看下一段，他就谈到这个，他既然已经说到了东正教，只有一个源泉，那就是盛传因为圣经包含在盛传里面那么这个盛权里面也有很多的因素和阶层，我们把它叫做阶层性，它用了一个词啊，叫heir rocky，应
00:54:05.000 --> 00:54:17.000,该是hello k吧啊，没有用here这个词，但是你会很明显的看出这种阶层性，这种介绍性也可以看出这种传维性的不一样啊。
00:54:17.000 --> 00:54:27.000,他说，虽然东正教他们中从过去传下来这种传承，他们当然也意识到。
00:54:27.000 --> 00:54:32.000,他们并不认为他们所领受的过去的所有的东西都是同等价值的。
00:54:32.000 --> 00:54:39.000,也就是说，他们处于同样的一个传威的地位。
00:54:39.000 --> 00:55:00.000,他说，在这些在这个盛传的各种各样的元素当中，你的unique我们就在ductional definition of economical this sentence of accept as something absolutely under
00:55:00.000 --> 00:55:04.000,o。那么在这些当中呢，有一些东西是。
00:55:04.000 --> 00:55:20.000,至高传威呢？我们可以说至高传威的啊，就是圣经信条这个大公会议所流传下来，做好决议的一些决议对信仰的一些界定。
00:55:20.000 --> 00:55:29.000,这些事呢？在东正教被接受为是绝对的，不能改变的，不能改变的。
00:55:29.000 --> 00:55:36.000,那么这个是他们不变的一部分，那么我们可以说他基本上是处于最核心的地位了。
00:55:36.000 --> 00:55:48.000,不变的一步，但是就是说其他的这个传盛传的部分没有获得同样的这种传威性。
00:55:48.000 --> 00:55:58.000,那上次我们讲这个，你的时候也是你一是可以改变的，但你不能把信心改变了，你不能把圣经给篡改了，是吧？
00:55:58.000 --> 00:56:04.000,圣经进京这个大门会议的决议你不能，你不能改变它，你不能不任性。
00:56:04.000 --> 00:56:11.000,这些，但你你的文本是可以变化的。
00:56:11.000 --> 00:56:17.000,他说degree of just a degree of julie degree of。
00:56:17.000 --> 00:56:39.000,他说，这个业务上的或者加税的这个会议呢？地方会议啊，应该是啊它它不会产，不会处于一个理想现金啊，统统的这个传位地位，我o do the reading for outside of the ne也就是说巴塔拉修的著作
00:56:39.000 --> 00:56:46.000,新基石学家西门的著作不会处于一个福音书的那种传位的地位呢？
00:56:46.000 --> 00:57:07.000,也就是说，我们可以简单的认为，在这个盛传里面，有一个阶层啊，坚持性，当然其中看不见的部分，我们把它叫做圣灵的生命在这里面那么看得见的部分处于比较至高的一个不比较高的权威啊，不会变的部分在哪里，主要其实就体
00:57:07.000 --> 00:57:12.000,现在两方面，一个就是圣经，一个就是大根会议的决议就是这两方面。
00:57:12.000 --> 00:57:28.000,那么在这两方面是绝对权威的。比如说你教父的著作，你当然不能跟圣经的一段书战同日而语，你这个一个你一文本的文件，你当然不会拿来跟这个大，更会议的决。
00:57:28.000 --> 00:57:38.000,做对比看，不会的，是这样子的一个概念。
00:57:38.000 --> 00:57:51.000,而在这里面，他提出了胜权的一种阶层性，那么他在下一段呢，就提出了盛传跟地方传统的一种区别，我把它叫做小的小的T哈就是没有加这个大写。
00:57:51.000 --> 00:58:03.000,第一个手写字，没有大写的T呢，叫做地方传统。他说， not every single reception pass is equal value no is everything receive from past nice to ready
00:58:03.000 --> 00:58:13.000,too，也就是这些盛传，并不是说都具有同等的价值，那么也并不是说所有从过去传过来的东西都是。
00:58:13.000 --> 00:58:19.000,正确的，绝对正确的不能改变的啊，就是没完全没有错误，不是这样子的。
00:58:19.000 --> 00:58:25.000,他说有一个在257年的时候，一位主教说。
00:58:25.000 --> 00:58:32.000,啊主教这样说哈。他说，主说我是真理，他没有说我是习俗。
00:58:32.000 --> 00:58:53.000,他说，在这里面我们要区分大大写的T的这个盛传与小写的T的地方的习俗，但是有许多地方的传统，我们还或者叫many traditions啊，地方的传统或者地方的习俗是过去传给我们的啊accentl偶然的传给
00:58:53.000 --> 00:58:59.000,我们的。有的人呢，是出于一些虔诚的啊，见解它传下来了，有些呢，甚至是迷信。
00:58:59.000 --> 00:59:07.000,我们可以说哈，但是这些都不是盛传的一部分啊，不是基督啊，不是基督全给我们的。
00:59:07.000 --> 00:59:14.000,这个最基础的信息那么比较明显的例子啊，就是比如说如果这个。
00:59:14.000 --> 00:59:24.000,基督教在中国发展很好，将来变成国教的话，一定会出现这样的一些东西啊，比如说清明节怎么过？
00:59:24.000 --> 00:59:33.000,要给我们的祖先摆上水果吗？是吧？你当然是出于前程的一个原因，认为的话，他在这个硬件是不是恶着啦？
00:59:33.000 --> 00:59:46.000,给他送点水果啊，花生啊，吃的。然后拿过去，那你当然可以说我是因为一个传承原因，但是你完全可以说这是迷信嘛是吧？
00:59:46.000 --> 00:59:57.000,那么这个这个就叫做小写的trade审查我们把它叫做地方习俗，那么涉及到地方习俗的时候，其实呢？
00:59:57.000 --> 01:00:24.000,这个现象是有的，但是我们还是要要仔细来看，就是说，比如说我们有一次我参加那个这边堂去的一个神父的，他们就的学习，然后我们就聊到这个，我们，我，我就跟他们聊，说我，我不知道是以前课也没有说过了，说我有，有一次我们
01:00:24.000 --> 01:00:46.000,去学校，当时学校校长呢，不知道是从阿索斯圣山来，还是从耶路撒冷来，然后就拿了一块纱布哈，就是那种那种麻布纸就是那一一长条麻布，然后给我们说是呈某某修院的，什么什么地方祝圣过，然后呢，说是给我太太的，把这
01:00:46.000 --> 01:00:52.000,个不围在我太太肚子上，记着我太太就怀孕，我们当时我们当时觉得这个真的是迷信呐，这怎么可以这样？
01:00:52.000 --> 01:01:08.000,这不跟佛教徒一样吗？给你给你弄个法证是吧？然后哪个哪个和尚给祝圣了，然后你把它带著会放在你腰间，哪里你就一定能怎样这不跟迷信一样吗？
01:01:08.000 --> 01:01:14.000,然后我就把这个跟在小组里面，跟神父说政府什么时候告诉我，哎，这不是迷信啊。
01:01:14.000 --> 01:01:21.000,他那个是阿，说是修一个修院的，剩下啊一个圣母的现象啊，他确实确实会施展神迹啊。
01:01:21.000 --> 01:01:39.000,这个，剩下帮助过好多好多的，这个虔诚的信，信现有的当他们朝著这个剩下祷告的时候，确实有很多人怀孕了，所以他们被祝圣过的这个纱布确实有这种效果。这个这个不，这个不是迷信，他说这不是迷信。
01:01:39.000 --> 01:01:49.000,然后他知道另外一种例子，例子是迷信，他说，比如说我们额他们举行丧礼的时候说是只要把水撒在地上有泥土就好了。
01:01:49.000 --> 01:01:59.000,但是在有一些地方封锁里面呢，他们就。一定要把一只网陶瓷做的在那个目前给砸碎了。
01:01:59.000 --> 01:02:09.000,那么在这个塞浦路斯，这些可能地方人的心里面有一个风俗，就是说你砸碎了这个你祖先的灵魂呢，就不会再来找你了。
01:02:09.000 --> 01:02:30.000,你把这个网啊胡啊这个胡啊砸碎了以后所以他们说这个是迷信，然后后来有一个指示呢，就补充了你看这些地方的分组，哈，这地方的传统是迷信啊，然后我们这个是盛传，然后什么这个这个时候又补充了一致，那你也不能完，全这
01:02:30.000 --> 01:02:36.000,么说哈，为什么呢？因为他说现在再加把。加码多加不是不是价格多加啊，是在哪里？
01:02:36.000 --> 01:02:55.000,应该是在那个贴沙隆尼加啊sister lonic地区，他们在举行三年的时候有一个风俗嘛，就是他们会围绕著传宗走一遍，把虽然这些这个就是举行三里的时候，这个要围绕传承走一遍。
01:02:55.000 --> 01:03:00.000,在这个这个礼仪文本当中没有被记载，没有被记载啊。
01:03:00.000 --> 01:03:08.000,但是他说，有一些地方传统啊，他们没有。虽然没有被礼仪的文本记载下来。
01:03:08.000 --> 01:03:20.000,但是呢，他们在地方上可能在在此之前就已经形成，但有可能有可能是始徒传下来的，一个就是非口头的一个传承。
01:03:20.000 --> 01:03:25.000,我当时就晕了，我说我说我怎么跟你们区分这些东西呢？
01:03:25.000 --> 01:03:47.000,那我，那我没办法，我有，我有问题。我就问神父吧，因为对我来说，就像这种东西就啊，很难方便，很方便，但是我们要确实的知，但是至少我们有一点可以确认哈，就是说虽然这个盛盛传和地方传统的界限不是很分明，但是我们要整体
01:03:47.000 --> 01:03:57.000,上呢？来说呢，就是说我们要有一个态度，就是盛传是好的，啊，是是被接受的啊，被被东正教接受的是正确的，是好的。
01:03:57.000 --> 01:04:04.000,那么地方传统和风俗呢？通常不好的，或者说至少是一个消极的态度。
01:04:04.000 --> 01:04:25.000,有的甚至可以说是迷信。就比如说我们有一次上课，一位神父就说，有一些这个正的妇女他们迷信呢，就是在那个神父主持完渗水以后啊，他们把这个女婿的类库放到这个圣水里面洗一下带回去说是晾干以后他们他
01:04:25.000 --> 01:04:34.000,们，他们这个女儿和女婿就能够怀孕生死了。就这样子啊神父说，这是迷信这个不对的啊，这不对的。
01:04:34.000 --> 01:04:39.000,那你说东正教有没有这样的？有啊，你说每个地区有没有这样的现象？
01:04:39.000 --> 01:04:45.000,有啊是吧，你到中国肯定也有的嘛，我们有，我们有，我们有。
01:04:45.000 --> 01:04:56.000,中秋节啊我们有除夕节啊，我们有端午节，我们有这个这个清明节，这些节日有很多风俗的，吃什么食物都已经定了。
01:04:56.000 --> 01:04:57.000,那你说将来我们说中秋节我们也吃，我们还吃不吃月饼？
01:04:57.000 --> 01:05:08.000,那当然吃月饼，那你吃月饼这个动作你你，你，你应该不会把它纳入一个大中的传统吧。
01:05:08.000 --> 01:05:11.000,它就是一个地方传统嘛，是吧？
01:05:11.000 --> 01:05:22.000,所以就是这样子，就是做一个区分。
01:05:22.000 --> 01:05:35.000,好，我们再讲一段，我们就暂停一下，因为我估计也讲不完了啊。我们我们今天来有时间就稍微探讨一下这个问题。
01:05:35.000 --> 01:05:39.000,他说一定是upslutely essential to christmas post。
01:05:39.000 --> 01:05:41.000,他说。
01:05:41.000 --> 01:05:54.000,绝对肯定需要对我们过去的东西进质询。
01:05:54.000 --> 01:05:55.000,No。
01:05:55.000 --> 01:06:08.000,他说，在在这个半山亭和后拜江亭时期，东正教经常陷入一个极端，行fat to on critical就这个post对他们的过去了。
01:06:08.000 --> 01:06:24.000,他用了一个发兔，就是太不挑剔了，太不挑剔了，就是只要是半单停或者说那个只要是老总中存下东西，我们一点都不改，就是这样子哈，就是这个态度，这result has been。
01:06:24.000 --> 01:06:31.000,Stack nation啊就是哎，突然我找一下这个stagnation是什么意思？
01:06:31.000 --> 01:06:42.000,我不认识这个词。
01:06:42.000 --> 01:06:55.000,这样大家现在有问题吗？可以问一下啊，更盛传啊，或者之前的一些信息都可以问。
01:06:55.000 --> 01:07:04.000,啊，就是不会变的意思哈，它这个就是不会变的意思。
01:07:04.000 --> 01:07:19.000,或者或者或者我们用用一个否定的词，它stagnation可以发现成腐朽啊或者叫或者叫陈旧的意思。
01:07:19.000 --> 01:07:25.000,我把这段讲完吧，把这一段讲完，我们继续，我们就就进入讨论环节。
01:07:25.000 --> 01:07:30.000,他说，今天这种对过去不批准的态度啊，没有办法维持了。
01:07:30.000 --> 01:07:31.000,他说， higher standard of scholarship啊，有更高的这个学术标准的。
01:07:31.000 --> 01:07:55.000,这种学术的，学术的角度出来了， increasing contact with a wiston跟这个跟西方基督徒的进一步的接触，我们in road office secretation
01:07:55.000 --> 01:08:07.000,and accessions啊，就是这个世俗化和无学论的这种情绪，还是就是这些现象呢？
01:08:07.000 --> 01:08:29.000,迫正教徒在过去的100年呢，回顾他们自己继承下来的这些东西啊，就想开始仔细的去区分盛传和这种地方习俗的这种区分。
01:08:29.000 --> 01:08:40.000,他说，把盛传和这种地方习俗做成吃分啊，从来就不容易啊。
01:08:40.000 --> 01:08:47.000,他说either license area to a worder next area of older believers and the area of living church。
01:08:47.000 --> 01:08:57.000,他说，要要要避免两种啊。第一种呢，是这个老的信，信有的这种错误，第二个是国的教会的就是错误。
01:08:57.000 --> 01:09:06.000,这one part fair into an extraming conservative conservation which stuff low train what aver in traditions。
01:09:06.000 --> 01:09:23.000,那么对于前面的说老姓有的派别呢？他们的错误就是认为他们处于一种极端的保守的态度，他们认为只要是传统当中任何部分一定一点啊，就是你，你就是打个墙纸哈。
01:09:23.000 --> 01:09:36.000,早上早上吃什么都不能变很yet dispated certain manufacture handicapped就是障碍。
01:09:36.000 --> 01:09:47.000,啊？有有这样的一一而且22个into spiritual compromise which under mine tradition。那么另一派呢？
01:09:47.000 --> 01:09:54.000,他们开始在树林上所以进行了妥协，对对对这个盛传造成了伤害。
01:09:54.000 --> 01:10:13.000,啊yeah despite certain medicipation啊并且由于一些虽然有一些可见的障碍，今天的东正教会可能能够更好的去区他们的祖先所留给世世代代所留给他们的东西。
01:10:13.000 --> 01:10:22.000,并且这种动作呢，是open it process right contact without wish which is the heap is in to say more and more clear what is in
01:10:22.000 --> 01:10:27.000,dispensible in their own。 In heritance。
01:10:27.000 --> 01:10:47.000,那么这种这种区分反而不是他们自己去分辨出来的，而是跟这个西方的接触，让他们进一步的啊仔细的认清楚他们所继承下的哪一些东西是是不可能啊，是不可能变化的。
01:10:47.000 --> 01:10:54.000,所以这个是这样的一个态度。
01:10:54.000 --> 01:10:59.000,要不把这一段讲完，然后能不能讲完呢？
01:10:59.000 --> 01:11:10.000,Ok，我们还有还留大概十分钟讨论吧。我觉得这个关于传统啊，宣传啊啊，圣经啊，这是一个非常重要的话题。
01:11:10.000 --> 01:11:19.000,我完全认同维尔主教的看法，就是我觉得他从某种意义上处于一个叫做中文之道啊。
01:11:19.000 --> 01:11:34.000,中文知道我知道这这是非常有必要的，就是在两个极端之间，你取一个中央知我很欣赏这样一种态度，这也是为什么我也觉得为什么是为主教这本书非常流行呢？
01:11:34.000 --> 01:11:57.000,不断被很多西方的学者所认识，很多的。这个神父都推荐这本书，比如说谈中正教育，什么是入门读物，那么这本书基本上是必读之物，必读的基本上具有代表性，中正教的一个代表性的文字都在证明好。
01:11:57.000 --> 01:12:12.000,行，我们今天就分享到这里吧。我们下节课继续往下讲，正确把第一我看能不能把对那第一章可以讲完了，下一节课对。
01:12:12.000 --> 01:12:17.000,你看，我把这个音频给。
01:12:17.000 --> 01:12:23.000,Activities add okay。好了。
01:12:23.000 --> 01:12:43.000,好，大家有什么问题吗？或者想法啊，或者刚才那个上面的问题都可以说啊，我们我们接下来就十几分钟专门来探讨了。
01:12:43.000 --> 01:13:13.000,我去喝河水啊，你们先。
01:13:23.000 --> 01:13:35.000,这样子啊ok。
01:13:35.000 --> 01:13:43.000,没有吗？ Okay。
01:13:43.000 --> 01:14:04.000,那阿江老师就是我。我不是提问，就是我觉得我。我回应一下哈，就是我，因为我作为原来这种新教的这样的一个背景啊，就回想一下关于这个对于传统和对于圣经的这个去接受这个教导，哈，就是我觉得在新教的时候，因为没
01:14:04.000 --> 01:14:13.000,有人去想说，传统不传统这件事，因为根本没这个概念，就是真的是理解为说好像。
01:14:13.000 --> 01:14:41.000,通过想象说一本圣经，然后慢慢的才出现了教会。就好像那个，那就是圣经，是是那个最初的源头，但是真的是通过读这本书啊，或者是经过思考以后觉得其实慢慢才认识到是这个圣经是在传统之中，他最后以文字的
01:14:41.000 --> 01:14:51.000,形式出现出来，它肯定不能涵盖所有的东西。就这个改变的过程，确实是经历了一段时间。
01:14:51.000 --> 01:14:57.000,我，我觉得在这这就想回应一下是是怎么回事儿。
01:14:57.000 --> 01:14:59.000,以前根本没意识到。
01:14:59.000 --> 01:15:06.000,就是好。
01:15:06.000 --> 01:15:11.000,但我觉得这个就是说到这个传教的，这个宣教的这个事儿。
01:15:11.000 --> 01:15:22.000,哈确实是在目前，我觉得在在国内你确实是不太不太容易，这怎么这么传？
01:15:22.000 --> 01:15:29.000,哈还还真是很难说。
01:15:29.000 --> 01:15:30.000,所以。
01:15:30.000 --> 01:15:32.000,好，那这个对这个对对对。
01:15:32.000 --> 01:15:41.000,就本土的这个牧师会不知道叫叫什么叫叫七四季，还是祝圣的这个神父。
01:15:41.000 --> 01:15:50.000,我俄罗斯那个传统教会应该是在国内有正式的被注胜过的。
01:15:50.000 --> 01:15:51.000,中国籍神父是吧？
01:15:51.000 --> 01:16:01.000,不不不不太了解听说哈尔滨那边有一个，但当他们主要是服务于俄罗斯民族。
01:16:01.000 --> 01:16:06.000,在北京，上海，那么肯定他们就在大使馆，所以主要是服务。
01:16:06.000 --> 01:16:10.000,他通常情况下是不允许的。对啊，所以。
01:16:10.000 --> 01:16:16.000,对，其实目前我我所知道的也是，反而希腊这边是还没有没有被允许，还没有通过。
01:16:16.000 --> 01:16:22.000,对是没有，没有。
01:16:22.000 --> 01:16:25.000,但是也好像也在也在推进。
01:16:25.000 --> 01:16:31.000,对，慢慢来吧我们，先慢慢来。
01:16:31.000 --> 01:16:42.000,那个艾希，还有菲律宾，你们有什么问题吗？这样在你们的角度来看。
01:16:42.000 --> 01:16:52.000,我就想要一下，我记得在哪一个书上还是哪一次的角度讲座中？
01:16:52.000 --> 01:17:17.000,提到，在十字军东征额，最后的那个时候呢？好像有一些证教的一些文物，或者是文献的，被带到西方就是对那个罗马天主教后来的发展，其他很大的影响是不是有这么一个说法？
01:17:17.000 --> 01:17:43.000,就是他们看到就是好像比比较全面的一些，或者是跟中的一些交汇的一些一些传统或者什么文件，或者是一些好像一些文件，这都被他们抢走了，或者是他们好像还是送给他们的，但是我，我现在想不起来是在哪一
01:17:43.000 --> 01:17:49.000,你哪个打在场合听到的？
01:17:49.000 --> 01:18:00.000,但是我觉得可能很有可能是有这么一个历史上的一个事件，就是是当时君士坦宁堡，它是。
01:18:00.000 --> 01:18:14.000,他是。就是说正统的这个传统或者是教会嘛。然后西方的那个罗马天教当时还没有那么多的好，像是正常的是啥呢？
01:18:14.000 --> 01:18:20.000,反正是那些建筑啊，包括一些什么，这些就他们很惊叹，就是好像对户。
01:18:20.000 --> 01:18:27.000,后来他们的那个就起了很大的影响，就他们的思想那个，但是我不知道是是属于哪一方面。
01:18:27.000 --> 01:18:29.000,我心理力不好。
01:18:29.000 --> 01:18:32.000,明白了。这个我也其实不了解啊，因为我不是研究那一段历史的。
01:18:32.000 --> 01:18:57.000,这可能是一个学一一方面，一方学者的一个看法，啊，就是如果根据我的主教，这本书呢，基本上我们能够看出来，就是从七八世纪开始，东西方开始逐渐疏离在之前。
01:18:57.000 --> 01:19:16.000,其实双双是同相互对话的，那么各自呢？形成各自的这种神学礼，这个实践啊，甚至我们可以说领袖传统他们也有各自的特色，对实际上动征的时候，我们如果有一部分文件的话，应该不是四五世纪的文献，哈，可能是这
01:19:16.000 --> 01:19:21.000,个八九世纪的文献，甚至十，11，12世纪的文献对他们产生了影响。
01:19:21.000 --> 01:19:51.000,那具体是怎么样？不知目前来说非常有可能就是天主教去让他们第三次实际上当征的时候，会把一部分的这种项目或者叫圣库也好，还有这种手稿带到他们这个梵蒂冈地区啊，这是很正常的现象，就是十字架东征的时候肯
01:20:01.000 --> 01:20:02.000,好。
01:20:02.000 --> 01:20:08.000,定会搜刮一些他们认为基督教的保护过来。但是他具体具体产生了多少影响，真的不清楚，因为我这个不是研究这方面的这个学者，但他们这样做是很正常的，比如说我们这个叙利亚学员，西方研究叙利亚的，其实是
01:20:08.000 --> 01:20:15.000,从16世纪开始的，就在16世纪的中叶这个叙利亚地区呢？
01:20:15.000 --> 01:20:37.000,因为我们当时知道啊，这个西欧，这个大横海时代开始了，这个普及啊，法国啊，就去哪些地方，然后有一部分的叙利亚教会那我们现在的东叙利亚教会加入了天主教我们把它现在把它叫做马龙会吧，马龙会，那么是马路，真
01:20:37.000 --> 01:20:48.000,正让世界大学在天主引起天主教关注的是什么？是马龙会的一些修饰，一些神职人员，他们把他们自己的这种叙利亚的手稿呢？
01:20:48.000 --> 01:21:12.000,带到法国大林博物馆，然后尤其是法国，法国，上个上两个世纪在叙利亚研究是很厉害的，来到了法国，然后他们开始系统的去编辑他们老祖宗留下来的这个叙利亚的传统，所以叙利亚西欧研究叙利亚，其实是真正开始研
01:21:12.000 --> 01:21:31.000,究cdr程度是从16世纪开始，那么从这个角度来说，我觉得天主教现在还是在学术研究上是 number one就是如果是在这些教派方面的话，新教由于过分关注唯独圣经出了一大批的这个圣经学者，后面
01:21:31.000 --> 01:21:38.000,研究教父的就没，所以这也能理解，能理解他们要研究教父估计对传统就不会是现在。
01:21:38.000 --> 01:21:45.000,这种看法就是这样子。我说，上次我对啊，整个的一个大概的梳理吧。
01:21:45.000 --> 01:21:51.000,对，就就是这样子。
01:21:51.000 --> 01:22:07.000,但据说那个天主教他们现在的学术研究，他们只是提倡研究五年，以五年之内的这种历史文本作为素材，自己之前的那些历史黑暗的那些都都已经处理掉了。
01:22:07.000 --> 01:22:08.000,所以现在看着。
01:22:08.000 --> 01:22:25.000,哼，我不知道你听谁说的那个我在business的时候，没有这种感受啊business，我的有一个导师叫哎啊，我一下想不起，就brain啊father brain啊，它是耶稣会会室那就研究四世纪的这个
01:22:25.000 --> 01:22:42.000,approach的著作啊，还有一些阿布罗修的著作没有翻译出来，他非常非常重常的就其实说白了，我们，我们说新教不是铁板一块，其实天主教也不是铁板一块，东正教也不是铁板一块，你学的话，他他一直是有张力
01:22:42.000 --> 01:22:48.000,的在布置的时候有很明显的一种张力，就是现代派和传统派的一种张力。
01:22:48.000 --> 01:22:56.000,就这个到处都在发生，那么现代派的一个特点就就现在它里面可能比较极端的一个特点是什么呢？
01:22:56.000 --> 01:23:03.000,以能不能接受LGB， t传体为标志。那么你说天主教有没有？
01:23:03.000 --> 01:23:16.000,当然，也有一批学者，他们已经开始welcome l g b了，我把它当作极端的派别，那么其实在我在我的天主教不是很了解，我就以这个东正教为例吧。
01:23:16.000 --> 01:23:19.000,东正教里面有一个学校。
01:23:19.000 --> 01:23:33.000,啊叫呼喊不打喊。学校有一个东正教学习中心，那么以前我在我打算去投投赌博的时候投简历，我跟党师说要不要学这个，当时说你不别去了。
01:23:33.000 --> 01:23:51.000,他说那边那边人对我说， gbt是欢迎的，我当时就惊呆了，我说我说我说正脚谱里面也有这样开放的，确实有的，后来我就没投，就听导师的意见，然后就没投，所以这个是在我看来是政治要内部比较自由的一个派。
01:23:51.000 --> 01:24:12.000,别啊，他就已经开始。欢迎按照gpt了。那么一比较中间的派别，比较有代表性的就是我们今天谈到的，你看他光不欢迎加入这个与wc就是他，因为他对所以他对加入WJC跟其他的中派对话是一个积极的态度，
01:24:12.000 --> 01:24:18.000,还是消极的态度，又可以分出一派来。那如果说他是一个积极的态度，那么基本上呢？
01:24:18.000 --> 01:24:33.000,我们可以说它是处于东正教的。按照我的理解啊，就是中间派，这个可能最左边的就是已经LGP都为大家摇喊大提了，为什么你们正教徒不这么干？
01:24:33.000 --> 01:24:55.000,寒，那么比较保守的派别呢？就是说，哎，我们这个w cc我们都不参加，我们是纯粹的保守派，我们我们会骂这个我会大声的唾骂这个中式坦丁大手木已经堕落了，甚至，这唯有我们才是正确的这样一种声音出来，就是这样
01:24:55.000 --> 01:25:11.000,子，那你说新旧有没有先叫有啊，现在有机右派啊，有自由派啊，先叫，有很多人已经先掉很多教会已经对了cbd摇气呐，喊了呀，那很多同性恋已经被案例为牧师了，都是这样子的，所以我怎么谈到这个我？
01:25:11.000 --> 01:25:31.000,我，我就想告诉你啊，就是说无论是天主教心造和。东正教你不要铁板一块的去看问题，你要把这样一个历史的维度，一个动态的一个一个一个动态的历史维度去看这些问题，它有一个它有一方面声音，一定会有另外一方面声音的，就是这样
01:25:31.000 --> 01:25:41.000,子，而他或者说我们说整个历史永远都不是铁管形态，但是有一些人，他希望你看历史，就是只从这个角度看。
01:25:41.000 --> 01:25:58.000,这个，我觉得这个不好，我们中国人已经建立太多了嘛，就我们把它叫做愚民政策嘛，是吧，你只有一个视角，你只有一种声音可以听见我，我，我作为学者，或者说我，我。
01:25:58.000 --> 01:26:00.000,我觉得我我，然后我哪怕做信信徒，我都不愿意说，我只给你一种声音，只给你一种声音，就对外面的危险和不好的东西完全一无所知。
01:26:00.000 --> 01:26:18.000,啊这是不对的这也不是我的。我觉得我这个施工的一个态度，我是说我这个施工我，我，我，我。
01:26:18.000 --> 01:26:26.000,我只，我只说我只翻译哪些人的著作，还另外的人由于什么呀怎么样怎么样，我就不翻译了，哈。
01:26:26.000 --> 01:26:38.000,我抱着一个态度，当然八又说过来，每个人都难免有自己的态度，这这个没办法的，但我尽量的在学术上open一点啊，就就是这样子。
01:26:38.000 --> 01:26:45.000,好的，我希望回答你的问题了吧，应该没回答，我觉得这方面我不懂对不对。
01:26:45.000 --> 01:26:51.000,挺好的。
01:26:51.000 --> 01:26:58.000,Ok，我们时间差不多了，你们还有问题吗？
01:26:58.000 --> 01:27:02.000,Okay，没有的话。你你你。你要说吗？
01:27:02.000 --> 01:27:23.000,就是那个有个题题外话想问一下就是鬼气也是今天有关的，就是说关于传统啊，像那个礼仪啊什么这些的就是将来咱们在平台上看的这些课就是，尤其你像进入到我记录到政教之后，就比如说在星期日的这样的礼仪里
01:27:23.000 --> 01:27:29.000,面就很多的，就觉得很多的知识是没有地方去学的。
01:27:29.000 --> 01:27:50.000,因为因为教会他，就他就一直在走这个礼仪，那我作为一个比如说新的人，那就对理解这个礼仪这些传统就不知道从哪里去去学习，所以很好，像是一个空白的一个状态。
01:27:50.000 --> 01:27:51.000,这种传统。
01:27:51.000 --> 01:27:54.000,你想了解你真的是一大块的，你想了解哪一方面啊？
01:27:54.000 --> 01:27:55.000,就，哪怕是平常那个星期日的这样的礼仪里面。他的他比如说解读一下，比如他的这个盛世啊，他的这个传统啊，哪怕是他，他这样做。
01:27:55.000 --> 01:28:14.000,比如说这个神父会举着圣经出来，然后就像这些东西。
01:28:14.000 --> 01:28:30.000,他的，他的，比如说内在的这样的一个起因啊，回应啊，很多东西觉得好像是在看，但不一定是看得懂。
01:28:30.000 --> 01:28:31.000,对对。
01:28:31.000 --> 01:28:36.000,喔，你，你的意思就是说它的整个整个拟议的流程需要进行一个解说是吧，整个进口，一半份，剩余的这个流程啊，什么时候这个神父说什么话，但是没有那么细节可能有一些。
01:28:36.000 --> 01:29:02.000,对它的，它的这些传统啊，它，它，它这么做啊，它其中的更深的含义啊等等，就是他会因为我觉得你，你看和你用用用质就是理智，或者是整个身体的参与，就是他应该是个全人的我不能说只是在那儿看，看，一看热闹式的这样的一个
01:29:02.000 --> 01:29:09.000,一个状态而不理解其中更深的含义，反正对我个人来讲，我有一种渴求。
01:29:09.000 --> 01:29:12.000,我说，能够更深更多的理解。
01:29:12.000 --> 01:29:16.000,我我问一下，你一点吧，因为这个已经是超出我的专业范围。
01:29:16.000 --> 01:29:33.000,就我对你一真的不了解啊所以。我们我比如说参加过发达的一次课，他们有一个叫东正教信徒实践指南，它里面就谈到了一些可能你当中什么时候该干什么呢？
01:29:33.000 --> 01:29:38.000,什么时候战，什么时候做，谈得非常细。
01:29:38.000 --> 01:29:52.000,比如说我，我，我就上星期天，我就在那个礼仪中，我就看到说，哎，有那个小女孩，她就把她妈妈的那个头巾那围上她去领圣餐的时候，她就盖上这个头巾。
01:29:52.000 --> 01:29:57.000,然后她回来以后，把把头巾又还给她妈妈，她妈又又盖上，然后去。
01:29:57.000 --> 01:30:03.000,我就说，哎，那女性在礼仪里面领圣体的时候要要蒙头吗？
01:30:03.000 --> 01:30:04.000,就是我会有疑问的。
01:30:04.000 --> 01:30:05.000,没有，没有，因为他是他是。你。你不能说他是一个盛传之一，他更多的是一种地方特色。
01:30:05.000 --> 01:30:06.000,像斯拉夫民族的出来的，他们普遍门门头。像这边。
01:30:06.000 --> 01:30:24.000,这个。希腊的他们其实不太门头的我也看到过，没有门头赠品剩餐的，所以他不是一个。
01:30:24.000 --> 01:30:28.000,对我也看到，所以我就有疑问，像这些东西就上哪儿上哪儿去。
01:30:28.000 --> 01:30:34.000,他他，他算不算你的一部分，我都很难。你一部分应该是以进口冤案的。
01:30:34.000 --> 01:30:41.000,这个示范胜利为中心，然后他们会，主要是神父的悼文啊。
01:30:41.000 --> 01:30:59.000,但是我，我，因为我不是神父，所以我也没没有参与过他们具体的这个在圣坛里面的具体做什么，所以不太了解我，我，我，我，我这样吧，我找一位这个神父来讲解这个可能更合适啊，就讲解这个经果。
01:30:59.000 --> 01:31:12.000,约翰是份圣礼，这个讲解或者指南都行，讲一系列课让他来讲吧，就是关于这个，每个动作的意义啊每一段稿文啊，这些都可以。
01:31:12.000 --> 01:31:31.000,或者我问一下media，你一两看愿不愿意讲你一点，主要是现在讲节日了，啊，这这个是很有必要的，很有必要很好非常好的一个问题，那那我我来问问吧，我能问问我又不找一下我们的，我们唐区的省份看到愿不愿意，
01:31:31.000 --> 01:31:32.000,好好谢谢谢谢。
01:31:32.000 --> 01:31:43.000,代书了，就是这样子。没事，不知道我这边有资源，我就尽量去找相关的专业的人士去弄，我不懂的话我就不讲，因为因为确实这个不是我不专场好吧，
01:31:43.000 --> 01:31:45.000,好的。
01:31:45.000 --> 01:31:54.000,好，行，那我们今天先这样吧，那个大家玩，我们下周如果没有什么事的话，正常还是下周三的晚上八点开始，我们继续往后讲啊，就讲完为止。
01:31:54.000 --> 01:31:58.000,今天应该是第11堂课了吧？是不是已经讲了第11集了？
01:31:58.000 --> 01:32:02.000,应该是第11节讲完了。
01:32:02.000 --> 01:32:04.000,没算。
01:32:04.000 --> 01:32:06.000,一是一堂课，这个是第11堂课，好okay好拜拜
01:32:06.000 --> 01:32:12.000,对啊
